% Model,SimpleTrap.mph
% Version,COMSOL 5.6.0.280
% Date,"Jul 4 2023, 00:28"
% Dimension,3
% Nodes,1025
% Expressions,2
% Description,"Electric potential, Electric field norm"
% Length unit,Âµm
% x,y,z,esbe.V (V),esbe.normE (V/m)
-199.99999999999997,0,3,0.025776043020314887,5979.909118273793
-199.80449657869013,0,3,0.025772377599168533,5981.130532996563
-199.41348973607032,0,3,0.0257663136285866,5982.350112154772
-199.02248289345061,0,3,0.025762285186408704,5981.872489576834
-198.6314760508308,0,3,0.025760499566216163,5979.673173102369
-198.24046920821115,0,3,0.02576094548055259,5975.758669208149
-197.84946236559136,0,3,0.025763384164045014,5970.192179485898
-197.45845552297166,0,3,0.0257673133202327,5963.172339621307
-197.06744868035184,0,3,0.02577193176501852,5955.124784646911
-196.67644183773217,0,3,0.025776143105611396,5946.756078513134
-196.28543499511235,0,3,0.025778630366017574,5939.030044868137
-195.89442815249262,0,3,0.025778012763523483,5933.0514559085395
-195.50342130987283,0,3,0.025773068730030865,5929.871439934537
-195.1124144672532,0,3,0.025762984935113503,5930.254745764293
-194.7214076246334,0,3,0.025747576607074427,5934.465693298532
-194.3304007820137,0,3,0.025727423424355092,5942.132879125817
-193.93939393939388,0,3,0.025703877899069236,5952.239343232771
-193.54838709677415,0,3,0.02567912464513772,5963.2487549763355
-193.15738025415436,0,3,0.025655101958447626,5973.3878778583285
-192.76637341153472,0,3,0.025634374823443162,5980.922857498206
-192.3753665689149,0,3,0.025618902801130966,5984.499870616188
-191.9843597262952,0,3,0.025609925846269574,5983.372042914034
-191.59335288367538,0,3,0.025607753528985047,5977.516299945752
-191.20234604105568,0,3,0.025611717784502122,5967.621473280435
-190.81133919843583,0,3,0.02562029649520685,5954.959877457409
-190.4203323558162,0,3,0.025631380300252096,5941.168087122442
-190.0293255131964,0,3,0.025642627709489066,5927.971991323038
-189.63831867057672,0,3,0.02565183905522775,5916.900906457886
-189.24731182795693,0,3,0.025657280097326818,5909.043098584265
-188.85630498533723,0,3,0.02565790020840679,5904.892944928639
-188.46529814271742,0,3,0.025653414446629608,5904.322560161693
-188.07429130009768,0,3,0.02564424816511178,5906.6799463753105
-187.6832844574779,0,3,0.02563137094057079,5910.981366344969
-187.29227761485825,0,3,0.025615456842837517,5916.071147026388
-186.90127077223843,0,3,0.025599402319682066,5921.09935587553
-186.51026392961876,0,3,0.025583532138035422,5925.250277548118
-186.11925708699894,0,3,0.02556885097235008,5928.0446368982975
-185.7282502443792,0,3,0.025556080017275093,5929.234604101414
-185.33724340175942,0,3,0.025545667791908797,5928.720129142713
-184.94623655913978,0,3,0.0255378223217112,5926.469924595769
-184.55522971652,0,3,0.025532530809461107,5922.48805031419
-184.1642228739003,0,3,0.025529548857796278,5916.843500745688
-183.77321603128047,0,3,0.025528365400996372,5909.748449154475
-183.38220918866074,0,3,0.025528171034441785,5901.644896241479
-182.99120234604095,0,3,0.025527866712360958,5893.251101837998
-182.6001955034213,0,3,0.02552614270137263,5885.530720068531
-182.2091886608015,0,3,0.025521637122673635,5879.57228678035
-181.8181818181818,0,3,0.02551315714041366,5876.394957054363
-181.42717497556202,0,3,0.02549992262437295,5876.720715401233
-181.03616813294232,0,3,0.02548174681295115,5880.784577362183
-180.64516129032248,0,3,0.025459267549873682,5888.147844348581
-180.25415444770283,0,3,0.025433818462707994,5897.788445740299
-179.86314760508304,0,3,0.025407355347198804,5908.182334496528
-179.47214076246334,0,3,0.025382169684669165,5917.574216435741
-179.08113391984352,0,3,0.025360530010786447,5924.292762278101
-178.69012707722385,0,3,0.025344305416106286,5927.050960337635
-178.29912023460403,0,3,0.025334646224457816,5925.166796808293
-177.9081133919843,0,3,0.025331786322635413,5918.666449872874
-177.5171065493645,0,3,0.025335005789756587,5908.262586508731
-177.12609970674487,0,3,0.025342758644285132,5895.222168262283
-176.73509286412505,0,3,0.02535293723453269,5881.14987314958
-176.34408602150538,0,3,0.025363219236609336,5867.72103218787
-175.95307917888556,0,3,0.025371429963427575,5856.406764671861
-175.56207233626583,0,3,0.025375853473179166,5848.241317825532
-175.17106549364604,0,3,0.025375439895719692,5843.679661265565
-174.7800586510264,0,3,0.025370851430008362,5842.568011324292
-174.38905180840658,0,3,0.025362263907951293,5844.272143078807
-173.9980449657869,0,3,0.025349971816599037,5847.8312270469205
-173.60703812316706,0,3,0.025335240090606573,5852.199077927658
-173.21603128054736,0,3,0.025319401975735956,5856.433483612828
-172.82502443792757,0,3,0.025303673787398742,5859.817405967155
-172.43401759530792,0,3,0.02528903941744433,5861.892145725169
-172.04301075268813,0,3,0.025276207232901957,5862.416386246435
-171.65200391006843,0,3,0.025265619122917332,5861.287435238517
-171.2609970674486,0,3,0.02525747860584722,5858.469914450626
-170.86999022482894,0,3,0.025251766754647353,5853.969257180644
-170.47898338220912,0,3,0.02524823037676681,5847.864149589232
-170.08797653958945,0,3,0.02524634964099487,5840.382076838238
-169.69696969696963,0,3,0.02524531204836905,5831.978706895798
-169.30596285434996,0,3,0.025244027437966998,5823.375484297918
-168.91495601173017,0,3,0.02524121114505984,5815.521948561153
-168.52394916911047,0,3,0.025235925493259037,5809.4542343904195
-168.13294232649065,0,3,0.025226254206461463,5806.180739722337
-167.74193548387092,0,3,0.025211866503943844,5806.346712985116
-167.35092864125113,0,3,0.025192652003794974,5810.1184045984855
-166.95992179863148,0,3,0.02516923274221028,5817.050257365205
-166.56891495601167,0,3,0.025142955174701512,5826.0950622615655
-166.177908113392,0,3,0.025115743296337395,5835.749614278696
-165.78690127077218,0,3,0.02508982820572872,5844.31019218826
-165.39589442815245,0,3,0.02506739919324376,5850.179385051577
-165.00488758553266,0,3,0.025050242529308264,5852.152121360633
-164.613880742913,0,3,0.02503943992251559,5849.619630782084
-164.22287390029322,0,3,0.02503518701636602,5842.657889933576
-163.83186705767352,0,3,0.02503676673420177,5831.996650378833
-163.4408602150537,0,3,0.025042679943213103,5818.885068830588
-163.049853372434,0,3,0.025050904716900732,5804.879731290046
-162.65884652981418,0,3,0.025059231837917792,5791.587334836863
-162.26783968719454,0,3,0.02506642877776831,5780.3428090239595
-161.87683284457472,0,3,0.025069355119216125,5772.237076867583
-161.48582600195505,0,3,0.025067797970945868,5767.6034889145
-161.09481915933526,0,3,0.025061530399181686,5766.267986342272
-160.70381231671556,0,3,0.0250509811814605,5767.584221138881
-160.31280547409574,0,3,0.025037074410451998,5770.6189514582675
-159.92179863147598,0,3,0.025021015101348534,5774.364193449026
-159.5307917888562,0,3,0.0250040724366907,5777.918576226687
-159.13978494623655,0,3,0.024987404466279353,5780.597561715789
-158.74877810361676,0,3,0.02497194920886596,5781.960118186709
-158.35777126099705,0,3,0.024958383257262212,5781.76755306121
-157.96676441837724,0,3,0.024947127935539687,5779.910308722501
-157.5757575757575,0,3,0.02493837193756665,5776.345309277418
-157.18475073313772,0,3,0.024932082145560766,5771.077337948936
-156.79374389051807,0,3,0.024927989717735993,5764.194981893378
-156.40273704789826,0,3,0.02492555986095686,5755.943545640256
-156.01173020527858,0,3,0.024923683978917283,5746.825071112341
-155.62072336265877,0,3,0.024921840254163885,5737.513475608106
-155.22971652003906,0,3,0.024918485792223347,5728.976001097023
-154.83870967741925,0,3,0.02491233816105816,5722.237652183881
-154.4477028347996,0,3,0.024902307115995642,5718.221152511286
-154.0566959921798,0,3,0.024887719071287936,5717.536604257445
-153.6656891495601,0,3,0.024868505462269583,5720.299929805359
-153.2746823069403,0,3,0.024845305973097434,5726.033287623611
-152.88367546432062,0,3,0.024819450733633452,5733.686425584481
-152.4926686217008,0,3,0.024792809203745866,5741.788314732241
-152.10166177908113,0,3,0.024767522988335608,5748.70100326488
-151.7106549364613,0,3,0.024745668155662384,5752.91648443611
-151.31964809384164,0,3,0.024728911681032417,5753.3262032837865
-150.92864125122185,0,3,0.02471823037199579,5749.405976667021
-150.53763440860214,0,3,0.02471374785076451,5741.287757205465
-150.14662756598233,0,3,0.024714719915780614,5729.718276005744
-149.7556207233626,0,3,0.024719849661264004,5715.914397551938
-149.36461388074278,0,3,0.02472633117287694,5701.336179529989
-148.97360703812316,0,3,0.024732560409734775,5687.562582209027
-148.58260019550335,0,3,0.024736610734144016,5675.898139697945
-148.19159335288367,0,3,0.024736996917711335,5667.225944396539
-147.80058651026386,0,3,0.024732853785996198,5661.891511340572
-147.40957966764412,0,3,0.024723992731217045,5659.699001511137
-147.01857282502434,0,3,0.024710838739491994,5660.016396778747
-146.6275659824047,0,3,0.02469427537253069,5661.955028607172
-146.23655913978487,0,3,0.024675441876066212,5664.569319305944
-145.8455522971652,0,3,0.024655531006965783,5667.022769815345
-145.45454545454538,0,3,0.024635627560597992,5668.684483768157
-145.06353861192568,0,3,0.02461660911083094,5669.14782985991
-144.67253176930586,0,3,0.02459910822792756,5668.1889154133805
-144.28152492668622,0,3,0.024583516647968845,5665.6999041989075
-143.8905180840664,0,3,0.024570002815933717,5661.636472251579
-143.49951124144673,0,3,0.024558518028895956,5656.008194203763
-143.1085043988269,0,3,0.024547385226910134,5649.020309202289
-142.7174975562072,0,3,0.024539059800787966,5640.729404079772
-142.32649071358742,0,3,0.024531119087795997,5631.733111060797
-141.93548387096774,0,3,0.024522508494409803,5622.762355054288
-141.54447702834793,0,3,0.024512022533943897,5614.733711909175
-141.15347018572822,0,3,0.024498462127538964,5608.620768665765
-140.76246334310844,0,3,0.024480837655722038,5605.2712258178035
-140.37145650048876,0,3,0.024458580322258977,5605.207795614234
-139.98044965786892,0,3,0.0244317146540705,5608.46244409765
-139.58944281524919,0,3,0.02440094635567562,5614.493904394939
-139.1984359726294,0,3,0.024367632911624998,5622.2236346261025
-138.80742913000978,0,3,0.024333627510571415,5630.195738285977
-138.41642228738996,0,3,0.024301015394733935,5636.829852278649
-138.02541544477026,0,3,0.024271788370574518,5640.707053421448
-137.63440860215047,0,3,0.024247520055485097,5640.820723232403
-137.24340175953074,0,3,0.0242291061577289,5636.740013327583
-136.85239491691092,0,3,0.024214215050575916,5628.800855359367
-136.46138807429128,0,3,0.02420698389009842,5617.517935871707
-136.0703812316715,0,3,0.024203491336459167,5604.223437664241
-135.67937438905182,0,3,0.024201857202458155,5590.362096251944
-135.28836754643197,0,3,0.02420006817467745,5577.37966551935
-134.8973607038123,0,3,0.02419628994913213,5566.49144284751
-134.50635386119248,0,3,0.024189127188002868,5558.495410085937
-134.11534701857283,0,3,0.024177787973025763,5553.6702098269325
-133.72434017595302,0,3,0.024162130974557286,5551.781328576814
-133.33333333333331,0,3,0.024142599284630896,5552.189770226771
-132.94232649071353,0,3,0.024120068479491587,5554.027569492328
-132.55131964809385,0,3,0.024095651792296696,5556.387150076601
-132.160312805474,0,3,0.02407050839449057,5558.473956402619
-131.76930596285428,0,3,0.024045691558300435,5559.69112044258
-131.37829912023454,0,3,0.02402205546536275,5559.651531813743
-130.98729227761487,0,3,0.024000218632955476,5558.136610972829
-130.59628543499505,0,3,0.02398052905078503,5555.044708244614
-130.20527859237535,0,3,0.023963212093871478,5550.313424698564
-129.81427174975556,0,3,0.023948183213892624,5543.9653601194295
-129.42326490713583,0,3,0.023935149206634948,5536.119439306706
-129.03225806451601,0,3,0.02392355758414049,5527.063096981813
-128.64125122189637,0,3,0.023912589567964465,5517.305198285174
-128.25024437927658,0,3,0.02390119603614433,5507.58200899345
-127.8592375366569,0,3,0.023888193871224934,5498.795433868103
-127.46823069403708,0,3,0.023872422658616187,5491.883234259932
-127.07722385141737,0,3,0.02385294174900115,5487.6413439537155
-126.68621700879758,0,3,0.02382923120693202,5486.535160122121
-126.29521016617792,0,3,0.023801351566812325,5488.547108436515
-125.90420332355811,0,3,0.023770019294609944,5493.107660076571
-125.5131964809384,0,3,0.02373656818530772,5499.14194709416
-125.12218963831862,0,3,0.02370278989061953,5505.234432807713
-124.73118279569893,0,3,0.023670674529752696,5509.878320691423
-124.34017595307911,0,3,0.0236418868220871,5511.748502539774
-123.94916911045944,0,3,0.023618076420553365,5509.937536656449
-123.55816226783963,0,3,0.023600034788685047,5504.09512623165
-123.16715542521996,0,3,0.02358776378741214,5494.467838246688
-122.77614858260011,0,3,0.023580488752224175,5481.836912719409
-122.38514173998043,0,3,0.023576796691655237,5467.37872543693
-121.99413489736064,0,3,0.02357487498580254,5452.4716154005755
-121.60312805474098,0,3,0.023572804426732333,5438.475475518465
-121.21212121212116,0,3,0.02356885234506989,5426.516651059668
-120.82111436950146,0,3,0.02356171367542212,5417.317337763355
-120.43010752688168,0,3,0.023550660165756403,5411.10682126493
-120.03910068426197,0,3,0.0235355786007323,5407.635307534068
-119.64809384164215,0,3,0.023516903420347436,5406.282774073982
-119.25708699902248,0,3,0.023495471188293496,5406.226950495612
-118.86608015640269,0,3,0.023472337948818603,5406.619432849835
-118.47507331378299,0,3,0.023448602162128185,5406.723311980136
-118.0840664711632,0,3,0.02342283322962619,5405.986399583386
-117.69305962854348,0,3,0.023400860661279332,5404.043443631672
-117.30205278592369,0,3,0.023380645947725806,5400.684830777549
-116.91104594330403,0,3,0.02336253334690528,5395.797069183188
-116.5200391006842,0,3,0.023346654091238865,5389.331474627299
-116.12903225806448,0,3,0.02333292318881028,5381.309521092226
-115.73802541544471,0,3,0.023321022484103608,5371.866132658933
-115.34701857282505,0,3,0.023310381249435567,5361.309078263938
-114.95601173020523,0,3,0.023300176455007517,5350.161184837591
-114.56500488758549,0,3,0.023289375828810542,5339.15487404632
-114.1739980449657,0,3,0.023276837387690645,5329.162834331376
-113.78299120234607,0,3,0.02326146280870786,5321.067640387237
-113.39198435972624,0,3,0.023242384131219124,5315.591267741192
-113.00097751710655,0,3,0.02321914888782866,5313.120072108193
-112.60997067448673,0,3,0.023191861699081065,5313.569666969689
-112.21896383186707,0,3,0.023161243108311788,5316.333074061121
-111.82795698924726,0,3,0.02312856554852588,5320.345431297509
-111.43695014662757,0,3,0.023095483112302896,5324.234254208941
-111.04594330400775,0,3,0.023063873371971938,5326.589128764844
-110.654936461388,0,3,0.023035434143943732,5326.205281135195
-110.26392961876826,0,3,0.023011440115105967,5322.297813417254
-109.87292277614858,0,3,0.02299253101583912,5314.622681308318
-109.48191593352875,0,3,0.022978608838790236,5303.494918423642
-109.09090909090907,0,3,0.022968860678878496,5289.715593205258
-108.69990224828926,0,3,0.022961899170062604,5274.430053951453
-108.30889540566957,0,3,0.022955991424026115,5258.941606656134
-107.91788856304977,0,3,0.022949332835718962,5244.505637545784
-107.52688172043008,0,3,0.022940315768170384,5232.134194534405
-107.1358748778103,0,3,0.022927745924495216,5222.446641895104
-106.74486803519063,0,3,0.02291097126103192,5215.599478855638
-106.3538611925708,0,3,0.022889907863939234,5211.311959050191
-105.9628543499511,0,3,0.022864970031952085,5208.977131009626
-105.5718475073313,0,3,0.02283693178864369,5207.822036457295
-105.18084066471162,0,3,0.02280675847802712,5207.068598081724
-104.78983382209182,0,3,0.022775447091110713,5206.053319994197
-104.39882697947209,0,3,0.022743903583175983,5204.28449642779
-104.0078201368523,0,3,0.022712868921987033,5201.4400026130315
-103.61681329423266,0,3,0.022682888636696354,5197.327897124172
-103.22580645161284,0,3,0.022654308628540135,5191.841030300926
-102.83479960899314,0,3,0.022627276703427984,5184.933993995358
-102.44379276637333,0,3,0.022601735508555876,5176.637043822336
-102.05278592375365,0,3,0.022577405441606815,5167.101622912959
-101.66177908113384,0,3,0.022553769822123593,5156.654048387709
-101.27077223851416,0,3,0.022530082859333993,5145.826110841529
-100.87976539589437,0,3,0.022505419981961053,5135.336811528807
-100.48875855327465,0,3,0.02247878027676723,5126.01434700271
-100.09775171065488,0,3,0.02244923569897779,5118.66499662433
-99.70674486803517,0,3,0.022416106050254937,5113.911152406787
-99.31573802541538,0,3,0.022377757370456997,5112.020133195226
-98.92473118279572,0,3,0.022334933166582777,5112.8324537021845
-98.5337243401759,0,3,0.022289052238728263,5115.6790996791415
-98.14271749755616,0,3,0.02224143106010612,5119.480588959658
-97.75171065493639,0,3,0.022193738547402975,5122.917491739528
-97.36070381231674,0,3,0.022147753398689185,5124.666516814081
-96.96969696969691,0,3,0.022105087564908588,5123.640085835183
-96.57869012707717,0,3,0.02206693002890009,5119.17184406478
-96.18768328445742,0,3,0.022033860691325458,5111.112229731915
-95.79667644183776,0,3,0.022005768217754684,5099.827449276267
-95.40566959921792,0,3,0.021981883800781643,5086.117054008774
-95.01466275659823,0,3,0.021960920749332424,5071.073560997046
-94.62365591397844,0,3,0.021941291651282696,5055.906906380316
-94.23264907135874,0,3,0.02192136267061734,5041.756009484308
-93.8416422287389,0,3,0.021899699461933292,5029.513988289609
-93.45063538611925,0,3,0.021875262109983695,5019.6987890003875
-93.05962854349946,0,3,0.021847517793092797,5012.398435138548
-92.66862170087977,0,3,0.02181582019280867,5007.230709027503
-92.27761485825997,0,3,0.021782010368911087,5003.745689081415
-91.88660801564026,0,3,0.021746106607533816,5001.135882516979
-91.49560117302046,0,3,0.021709041779567728,4998.67382504347
-91.10459433040079,0,3,0.0216717700532644,4995.74279236817
-90.71358748778098,0,3,0.02163515454319892,4991.883137680448
-90.32258064516127,0,3,0.021599898405590123,4986.786971921871
-89.9315738025415,0,3,0.021566513760293282,4980.263190649241
-89.5405669599218,0,3,0.021535312971215526,4972.201042784349
-89.14956011730202,0,3,0.021506404896040193,4962.556019230144
-88.75855327468231,0,3,0.021479684980501068,4951.368380166392
-88.36754643206251,0,3,0.021454819623873744,4938.806688351023
-87.97653958944281,0,3,0.021431236797822606,4925.213710681983
-87.58553274682302,0,3,0.021408141092216865,4911.126901453161
-87.19452590420332,0,3,0.02138456934938035,4897.252154014754
-86.80351906158354,0,3,0.02135949358824818,4884.383444901164
-86.41251221896387,0,3,0.021331749929929533,4873.290271450512
-86.02150537634404,0,3,0.021301053458562563,4864.511747094446
-85.63049853372434,0,3,0.02126687801566668,4858.294540201777
-85.23949169110455,0,3,0.021229407798771777,4854.440330059919
-84.84848484848489,0,3,0.02118935392675403,4852.300638706151
-84.45747800586506,0,3,0.021147886695635276,4850.857692775359
-84.06647116324532,0,3,0.02110647464560056,4848.896429205811
-83.67546432062555,0,3,0.021066655783044202,4845.229293170233
-83.2844574780059,0,3,0.021029784345958424,4838.917113364553
-82.89345063538605,0,3,0.02099680346336394,4829.4325464605
-82.50244379276633,0,3,0.020968087913129208,4816.734963944734
-82.11143695014658,0,3,0.02094338488573899,4801.25396538666
-81.72043010752692,0,3,0.020921859931311237,4783.798909737198
-81.32942326490708,0,3,0.02090223547607184,4765.418790214098
-80.93841642228739,0,3,0.020882993805868166,4747.235372663877
-80.5474095796676,0,3,0.02086260675698759,4730.2712266791805
-80.1564027370479,0,3,0.02083995499945765,4715.276145151205
-79.7653958944281,0,3,0.020813676710881412,4702.706388214123
-79.37438905180841,0,3,0.020783481747685045,4692.5632473251035
-78.98338220918859,0,3,0.020749332673498988,4684.524242694792
-78.59237536656886,0,3,0.020711580273503588,4678.0318419601235
-78.20136852394907,0,3,0.020670842627358355,4672.432812594829
-77.81036168132944,0,3,0.02062786831194488,4667.105082726742
-77.41935483870961,0,3,0.020583413694238772,4661.540693488586
-77.0283479960899,0,3,0.02053815335963949,4655.373933802098
-76.63734115347009,0,3,0.020492628395831686,4648.364711760222
-76.24633431085043,0,3,0.020447224523253732,4640.361064711793
-75.85532746823061,0,3,0.020402164920258425,4631.268107096438
-75.46432062561092,0,3,0.020357503058260173,4621.043609473117
-75.07331378299114,0,3,0.02031310830578406,4609.725374573931
-74.68230694037146,0,3,0.020268648066467915,4597.478174896856
-74.29130009775164,0,3,0.020223579716840717,4584.635749907949
-73.90029325513194,0,3,0.020173611372709316,4571.667999883645
-73.50928641251214,0,3,0.020126853363723718,4559.34047549821
-73.11827956989248,0,3,0.02007744504718731,4548.306315055279
-72.72727272727263,0,3,0.020024674785472374,4539.214386105764
-72.33626588465293,0,3,0.01996808118051749,4532.507389628408
-71.94525904203317,0,3,0.019907586151309553,4528.296904782616
-71.5542521994135,0,3,0.019843581998605475,4526.285802317251
-71.16324535679368,0,3,0.019776945870735696,4525.766920366018
-70.77223851417398,0,3,0.01970896717866083,4525.711892617361
-70.38123167155419,0,3,0.019641192011753544,4524.939041532692
-69.9902248289345,0,3,0.01957520898859144,4522.322886848202
-69.59921798631467,0,3,0.019512416678881123,4516.99291452919
-69.208211143695,0,3,0.019453818143522844,4508.474246198352
-68.81720430107521,0,3,0.019399881667754332,4496.744804073235
-68.42619745845553,0,3,0.01935049145282966,4482.209835843533
-68.03519061583572,0,3,0.019304993318362357,4465.612381810485
-67.64418377321601,0,3,0.019262323172181378,4447.903095579724
-67.25317693059623,0,3,0.019221192831375855,4430.089853838275
-66.86217008797655,0,3,0.019180299661441053,4413.0851089434855
-66.47116324535673,0,3,0.019138523775103417,4397.571063636346
-66.08015640273703,0,3,0.019095079736457993,4383.906268560471
-65.68914956011723,0,3,0.019049599270572926,4372.094756210344
-65.2981427174976,0,3,0.01900213642810286,4361.825686425888
-64.90713587487775,0,3,0.018953103715618147,4352.570920781323
-64.51612903225805,0,3,0.018903161904064908,4343.70982291631
-64.12512218963826,0,3,0.018853093106408036,4334.644510026077
-63.73411534701861,0,3,0.01880368456944881,4324.877362597913
-63.343108504398764,0,3,0.01875564118785883,4314.040416703461
-62.95210166177907,0,3,0.018709532030418558,4301.88462952833
-62.56109481915928,0,3,0.018665764638650828,4288.249312448783
-62.1700879765396,0,3,0.018624574099359137,4273.0354726183605
-61.779081133919796,0,3,0.018586013807906893,4256.201339299364
-61.388074291300086,0,3,0.018549772000953174,4237.802197713969
-60.99706744868029,0,3,0.01851583172829721,4217.967533051521
-60.606060606060616,0,3,0.01848344781807068,4197.037247238827
-60.21505376344077,0,3,0.01845184152380716,4175.510863269974
-59.8240469208211,0,3,0.01842008494052741,4154.0337079016435
-59.433040078201316,0,3,0.018387194634640586,4133.320452368434
-59.04203323558164,0,3,0.018352256794402944,4114.0413790560015
-58.651026392961825,0,3,0.018314564953451185,4096.691517772388
-58.26001955034212,0,3,0.018273744018727167,4081.4702280009196
-57.86901270772233,0,3,0.01822983217703411,4068.20226200939
-57.47800586510265,0,3,0.018183296525876774,4056.328236697248
-57.08699902248281,0,3,0.018134969436922332,4044.9796838062134
-56.69599217986313,0,3,0.018085909474707146,4033.131693077442
-56.30498533724335,0,3,0.018037209408170413,4019.8011298550305
-55.91397849462368,0,3,0.017989788716687938,4004.2415921473344
-55.52297165200386,0,3,0.017944213572216122,3986.0866562303636
-55.13196480938416,0,3,0.017900581345415417,3965.4105639098525
-54.74095796676437,0,3,0.01785849142189075,3942.7009173539373
-54.34995112414469,0,3,0.017817104705972586,3918.7592892447233
-53.95894428152485,0,3,0.017775276127439843,3894.5565252194674
-53.56793743890517,0,3,0.017731731613520735,3871.0711683455484
-53.17693059628539,0,3,0.017685255044716935,3849.1369777370983
-52.78592375366574,0,3,0.017634851632970128,3829.322706821891
-52.3949169110459,0,3,0.017579860924853474,3811.863960870537
-52.003910068426194,0,3,0.0175200038588455,3796.660023337116
-51.612903225806406,0,3,0.017455362271598746,3783.3357267874107
-51.22189638318673,0,3,0.017386303446523588,3771.351622536462
-50.83088954056691,0,3,0.017313373326254544,3760.131320306838
-50.43988269794721,0,3,0.017237186502030905,3749.170329001989
-50.04887585532742,0,3,0.017158337394470202,3738.099215376879
-49.65786901270775,0,3,0.017077346388513742,3726.69200458592
-49.26686217008793,0,3,0.01699464092086439,3714.830806235582
-48.87585532746823,0,3,0.01690800729888045,3702.528646178886
-48.48484848484844,0,3,0.016825372945343225,3689.591956344563
-48.09384164222877,0,3,0.016741975974790796,3676.0407496629873
-47.70283479960895,0,3,0.01665798399369614,3661.8548800043677
-47.31182795698925,0,3,0.016573436420523613,3647.097337607942
-46.92082111436943,0,3,0.016488220952993876,3631.9652185472037
-46.52981427174973,0,3,0.016402073936815587,3616.8105016171357
-46.13880742912993,0,3,0.01631461817202054,3602.113047667827
-45.74780058651026,0,3,0.016225440647312128,3588.405039106987
-45.35679374389045,0,3,0.016134200141587507,3576.1617159835614
-44.96578690127075,0,3,0.016040744634815196,3565.6829891253997
-44.57478005865096,0,3,0.01594521338528923,3556.99353320571
-44.183773216031284,0,3,0.01584809895235939,3549.786615776306
-43.79276637341147,0,3,0.015750250013346095,3543.4301651652268
-43.401759530791765,0,3,0.015652805927021896,3537.042206623501
-43.01075268817197,0,3,0.015557067635318639,3529.6269402079283
-42.619745845552295,0,3,0.015464324454335848,3520.245364143416
-42.22873900293245,0,3,0.015374959460210114,3508.2361414586994
-41.837732160312775,0,3,0.015291086686314431,3493.1267639729317
-41.446725317692994,0,3,0.015212310409011387,3474.997211676293
-41.05571847507332,0,3,0.015138421347810987,3454.2530429292474
-40.6647116324535,0,3,0.015068781979681534,3431.5863362437613
-40.2737047898338,0,3,0.015002446666035868,3407.846738576087
-39.88269794721401,0,3,0.014938319957404661,3383.8991215829606
-39.49169110459433,0,3,0.014875321795640994,3360.4920108272504
-39.10068426197449,0,3,0.014812530474476865,3338.156116557467
-38.70967741935481,0,3,0.014749281349800802,3317.1470580059795
-38.318670576734995,0,3,0.014685209346442962,3297.440164811196
-37.927663734115356,0,3,0.014620234593265308,3278.776638814948
-37.53665689149551,0,3,0.01455450149908652,3260.7493673387457
-37.14565004887584,0,3,0.014488290304458779,3242.9062225281778
-36.75464320625602,0,3,0.014421924267151776,3224.843650981725
-36.363636363636374,0,3,0.014355693486191617,3206.267315164678
-35.97262952101655,0,3,0.014290109919146754,3186.9869605997987
-35.581622678396855,0,3,0.014224677316320572,3166.9824279623203
-35.190615835777066,0,3,0.014159725583424626,3146.226999996017
-34.79960899315736,0,3,0.014095203178367571,3124.737671673794
-34.408602150537575,0,3,0.014030985868987988,3102.537049451072
-34.01759530791787,0,3,0.0139668667739265,3079.670514565252
-33.626588465298084,0,3,0.01390253553982651,3056.2484690711535
-33.23558162267841,0,3,0.013837559621851292,3032.4928339254925
-32.84457478005859,0,3,0.013771384232836165,3008.7625365850895
-32.45356793743889,0,3,0.013703363872755808,2985.539081666146
-32.062561094819095,0,3,0.013632828977225647,2963.367184863032
-31.671554252199428,0,3,0.01355917987733582,2942.76066958969
-31.280547409579587,0,3,0.013481990944862465,2924.0949147912615
-30.88954056695991,0,3,0.01340110309510903,2907.5116163316197
-30.49853372434012,0,3,0.013316683364067855,2892.8598049446377
-30.107526881720446,0,3,0.013229235308780785,2879.6904715242686
-29.7165200391006,0,3,0.013139508510070369,2867.315628682031
-29.325513196480927,0,3,0.013048572153636667,2854.9043470900733
-28.93450635386114,0,3,0.012957414040588089,2841.6492574967615
-28.543499511241464,0,3,0.012866957815692442,2826.901315640765
-28.15249266862162,0,3,0.012777880101435019,2810.2906535800425
-27.761485826001945,0,3,0.012690514810847736,2791.7857658351086
-27.370478983382156,0,3,0.012604820734997912,2771.6838233638587
-26.979472140762482,0,3,0.012520416909675175,2750.539365183774
-26.588465298142637,0,3,0.012436675231590782,2729.051629250345
-26.197458455522963,0,3,0.012352848536365896,2707.9361947501225
-25.806451612903174,0,3,0.012268207336288472,2687.805430608228
-25.4154447702835,0,3,0.012182159806560011,2669.0771251271276
-25.024437927663655,0,3,0.012094335757856012,2651.923979678866
-24.63343108504398,0,3,0.012004623963171424,2636.269514806472
-24.24242424242419,0,3,0.011913161487985241,2621.8282899464216
-23.851417399804518,0,3,0.011820282443156138,2608.1800316496838
-23.460410557184673,0,3,0.011724914695312977,2594.841664486911
-23.069403714565,0,3,0.01163129895704526,2581.4268699839677
-22.678396871945207,0,3,0.011537939779987627,2567.5850628972516
-22.287390029325536,0,3,0.011445245536321313,2553.1044488978114
-21.89638318670572,0,3,0.011353517248418765,2537.8780401053746
-21.505376344086017,0,3,0.01126294901702915,2521.8696413715847
-21.114369501466225,0,3,0.011173639248130945,2505.0781980801244
-20.723362658846554,0,3,0.011085600036134069,2487.5182396969303
-20.332355816226737,0,3,0.010998756762041872,2469.225477671527
-19.941348973607035,0,3,0.010912938226387087,2450.2840752369934
-19.550342130987275,0,3,0.010827865755187044,2430.860862108374
-19.15933528836757,0,3,0.010743153996428112,2411.226835884156
-18.768328445747755,0,3,0.010658334594572105,2391.749916151851
-18.37732160312805,0,3,0.010572907248307062,2372.8532345525623
-17.986314760508236,0,3,0.010486413633273295,2354.9454857576084
-17.59530791788862,0,3,0.010398521739903355,2338.33919412623
-17.204301075268774,0,3,0.010309004956000872,2323.1838535488423
-16.813294232649067,0,3,0.010218187891280955,2309.388499809258
-16.422287390029254,0,3,0.010126380508978544,2296.6550087802425
-16.031280547409636,0,3,0.010034238378869076,2284.483640525977
-15.640273704789793,0,3,0.009942594095729562,2272.2554487530842
-15.249266862170089,0,3,0.009852348438826514,2259.336347810942
-14.85826001955027,0,3,0.009764341320485675,2245.1893942281026
-14.46725317693057,0,3,0.009679225263635627,2229.471042099149
-14.076246334310781,0,3,0.009597365638081029,2212.09069913556
-13.685239491691105,0,3,0.009518787427167219,2193.2228633716636
-13.29423264907129,0,3,0.009443178792147483,2173.273026132986
-12.903225806451587,0,3,0.00936994987484252,2152.807600763301
-12.512218963831799,0,3,0.009298334396668523,2132.462440316589
-12.121212121212123,0,3,0.009227514218054678,2112.8452261469647
-11.730205278592308,0,3,0.009156744267812655,2094.4462994061178
-11.339198435972603,0,3,0.009085456925749358,2077.571346561185
-10.948191593352817,0,3,0.009013330009372683,2062.307022829388
-10.557184750733143,0,3,0.008940309748424358,2048.5257720946897
-10.166177908113326,0,3,0.008866588405937459,2035.9284353343812
-9.775171065493623,0,3,0.008792544381587275,2024.1143477412495
-9.384164222873835,0,3,0.008718659322353689,2012.6616866883332
-8.99315738025416,0,3,0.008645430416291011,2001.198856558836
-8.602150537634342,0,3,0.008573295479932935,1989.4515899126914
-8.211143695014641,0,3,0.008502583508040146,1977.2585506639325
-7.820136852394852,0,3,0.008433495213062303,1964.5576560715665
-7.429130009775178,0,3,0.008366109089658125,1951.3535101483155
-7.038123167155362,0,3,0.00830040160599288,1937.6813017389757
-6.647116324535659,0,3,0.008236267744509307,1923.5826052494958
-6.25610948191587,0,3,0.008173531277258062,1909.1029206401652
-5.865102639296197,0,3,0.008111941648461907,1894.310941573798
-5.47409579667638,0,3,0.008051163021104063,1879.3294576815567
-5.083088954056676,0,3,0.007990767248435948,1864.3620005010007
-4.692082111436889,0,3,0.00793041024067015,1849.6935421797107
-4.301075268817215,0,3,0.007869198222114654,1835.6947500205404
-3.910068426197398,0,3,0.007806760254166045,1822.731179931803
-3.5190615835776953,0,3,0.0077426506469651935,1811.1171602074517
-3.1280547409579067,0,3,0.007676605464312092,1801.03124326427
-2.7370478983382327,0,3,0.007608611550820765,1792.4542113853347
-2.346041055718416,0,3,0.007538941643238095,1785.1427899075727
-1.955034213098713,0,3,0.007468143038161457,1778.650782836004
-1.5640273704789251,0,3,0.007396976649252207,1772.3959692002454
-1.1730205278592507,0,3,0.007326314133943107,1765.7574877936722
-0.7820136852394342,0,3,0.007257010410655157,1758.180326053565
-0.3910068426197313,0,3,0.007189774829175433,1749.264084485526
8.526512829121202E-14,0,3,0.00712506503358773,1738.8208842886838
0.39100684261970287,0,3,0.007063023201958729,1726.8969081041862
0.7820136852395477,0,3,0.007003466143538695,1713.758642920187
1.173020527859279,0,3,0.006945930511819742,1699.8474018761603
1.5640273704790673,0,3,0.006889705169004667,1685.7189377669147
1.9550342130986846,0,3,0.0068341990567966915,1671.9116439423804
2.3460410557185294,0,3,0.00677859990167029,1658.9072655988045
2.737047898338261,0,3,0.006722401078384871,1647.022839509951
3.1280547409580493,0,3,0.00666532607137138,1636.37357163393
3.5190615835776953,0,3,0.006607351673090678,1626.8728772793154
3.910068426197512,0,3,0.006548685504269125,1618.2730797909433
4.301075268817215,0,3,0.006489707911203735,1610.2327367592318
4.692082111437003,0,3,0.006430894577995838,1602.3908059008809
5.083088954056676,0,3,0.0063727381594468335,1594.4289282428322
5.474095796676493,0,3,0.006315684671746369,1586.109371894152
5.865102639296197,0,3,0.006260094081385753,1577.2847157224169
6.256109481915985,0,3,0.006206226258546194,1567.8837148100893
6.647116324535659,0,3,0.0061542456630203635,1557.8843354390087
7.038123167155476,0,3,0.006104233413845805,1547.2880644727447
7.429130009775178,0,3,0.006056195557432309,1536.1077189425914
7.820136852394966,0,3,0.006010061363004665,1524.3740593679279
8.211143695014641,0,3,0.005966162871668651,1512.2127262329925
8.602150537634458,0,3,0.005923329112769937,1499.6450843894263
8.99315738025416,0,3,0.005881631893051853,1486.9412709865728
9.384164222873949,0,3,0.005840646158980195,1474.3854310264187
9.775171065493623,0,3,0.005799918943569848,1462.300433892304
10.16617790811344,0,3,0.005759034925552131,1450.9932096581558
10.557184750733143,0,3,0.005717689567041245,1440.689522588267
10.94819159335293,0,3,0.005675753784307264,1431.474894532297
11.339198435972603,0,3,0.005633314079716678,1423.2591207138107
11.73020527859245,0,3,0.0055906762110986274,1415.7767478979335
12.121212121212123,0,3,0.005548327802670866,1408.62611067952
12.512218963831913,0,3,0.005506864120995686,1401.3384804814702
12.903225806451587,0,3,0.00546688952185731,1393.4608651257065
13.294232649071432,0,3,0.005428912832025096,1384.6339664401507
13.685239491691105,0,3,0.005393256721662937,1374.6506628752861
14.076246334310893,0,3,0.005359998530060112,1363.4870554666345
14.46725317693057,0,3,0.005328952674325371,1351.303870191641
14.858260019550414,0,3,0.005299699918205114,1338.4193065434931
15.249266862170089,0,3,0.00527166039585808,1325.2567748209829
15.640273704789903,0,3,0.0052441787736078604,1312.2744393585917
16.031280547409608,0,3,0.005216627234885474,1299.8884183710604
16.422287390029396,0,3,0.005188492932818173,1288.405247493791
16.813294232649067,0,3,0.005159437961972629,1277.9787315107476
17.204301075268887,0,3,0.005129323458828217,1268.6005151905451
17.595307917888587,0,3,0.005098197546673233,1260.1244093750724
17.986314760508378,0,3,0.005066254290863437,1252.3152557567962
18.37732160312805,0,3,0.005033776044759297,1244.9072979659409
18.76832844574787,0,3,0.005001073511157028,1237.656370304526
19.15933528836757,0,3,0.004968436183128672,1230.3742473412797
19.55034213098736,0,3,0.004936101066335602,1222.9402579983575
19.941348973607035,0,3,0.004904241077754029,1215.2925589424142
20.332355816226848,0,3,0.004872968251049797,1207.4074728308044
20.723362658846554,0,3,0.004842386480908234,1199.2769481666455
21.114369501466342,0,3,0.0048124225802295695,1190.9035079424864
21.505376344086045,0,3,0.004783089668029955,1182.295228775862
21.89638318670583,0,3,0.004754300294735531,1173.4886049594957
22.287390029325536,0,3,0.004725901778536878,1164.5674054092765
22.678396871945324,0,3,0.004697674740905294,1155.6755786865817
23.069403714565027,0,3,0.004669347386682093,1147.0135708789237
23.460410557184815,0,3,0.004640628477739939,1138.8143212926234
23.851417399804518,0,3,0.004611255760588906,1131.3017070637798
24.242424242424306,0,3,0.004581051016846832,1124.640195211604
24.633431085044005,0,3,0.004549969586156222,1118.8884361211458
25.024437927663797,0,3,0.004518132005863845,1113.9701095913715
25.4154447702835,0,3,0.004485828292837363,1109.6718090221402
25.806451612903288,0,3,0.004453490669822979,1105.670821055283
26.197458455522987,0,3,0.004421637118124988,1101.5874855804802
26.58846529814278,0,3,0.004390794669423159,1097.0502740313605
26.979472140762482,0,3,0.004360913371623115,1091.7914266987677
27.370478983382267,0,3,0.0043332243292423245,1085.5685712319425
27.76148582600197,0,3,0.004307374397961278,1078.3811072002675
28.15249266862176,0,3,0.004283262620044553,1070.3479247814878
28.543499511241464,0,3,0.004260596584657439,1061.7170296011166
28.93450635386125,0,3,0.004238945642309949,1052.823510428775
29.325513196480927,0,3,0.004217815068407543,1044.0328444519614
29.716520039100743,0,3,0.004196726347927893,1035.6790684404975
30.107526881720446,0,3,0.0041752883125880935,1028.0099600955357
30.49853372434023,0,3,0.0041532467368742,1021.1510306102872
30.88954056695991,0,3,0.004130505279625718,1015.0959921781342
31.28054740957972,0,3,0.004107116976585029,1009.7245121053375
31.671554252199428,0,3,0.004083251475216376,1004.8408463218627
32.062561094819216,0,3,0.0040591476881321475,1000.2218462217397
32.45356793743889,0,3,0.004035063612466,995.661461512264
32.84457478005871,0,3,0.004011234208051856,991.0013576606415
33.23558162267841,0,3,0.003987785402135402,986.1468309789628
33.6265884652982,0,3,0.003964959703125881,981.043032385623
34.01759530791787,0,3,0.0039427697253864025,975.6824909205636
34.40860215053769,0,3,0.003921239757758155,970.0684972205147
34.79960899315739,0,3,0.003900356054448384,964.2073202884986
35.19061583577717,0,3,0.003880067495898032,958.1095150616267
35.581622678396855,0,3,0.003860279095761532,951.8034036983818
35.97262952101667,0,3,0.0038408433364765238,945.3536814009158
36.363636363636374,0,3,0.003821557055460223,938.8752908040066
36.75464320625616,0,3,0.0038021709420756333,932.5339529855298
37.14565004887584,0,3,0.003782414991181704,926.5290791466116
37.53665689149565,0,3,0.0037620379783332714,921.0604721501812
37.927663734115356,0,3,0.0037408540397836088,916.2856398144852
38.31867057673514,0,3,0.003718786287318143,912.2783110364886
38.70967741935481,0,3,0.003695896852414532,908.9996992242527
39.100684261974635,0,3,0.0036723948372260062,906.291597611586
39.49169110459433,0,3,0.0036486779860317453,903.8932837134572
39.882697947214126,0,3,0.0036250459592213347,901.4895237277176
40.2737047898338,0,3,0.003602004313025625,898.7545919808796
40.66471163245362,0,3,0.003579946956913632,895.4154086681555
41.05571847507332,0,3,0.003559153217957217,891.2957990259524
41.44672531769311,0,3,0.0035397413926874788,886.3447104063207
41.837732160312775,0,3,0.0035216503997650417,880.6429464206598
42.22873900293259,0,3,0.003504653151305187,874.3882468042426
42.619745845552295,0,3,0.0034883986614377416,867.8611414326735
43.01075268817209,0,3,0.0034724740468540793,861.3766925484008
43.401759530791765,0,3,0.0034564738222157276,855.2303180320341
43.79276637341158,0,3,0.0034400630938597188,849.6482391702218
44.183773216031284,0,3,0.0034230234198269205,844.7530470811001
44.57478005865107,0,3,0.003405274449528234,840.5516723130406
44.96578690127075,0,3,0.00338686980610467,836.9474223168063
45.356793743890556,0,3,0.003367970892521527,833.771522068691
45.74780058651026,0,3,0.003348785148247435,830.8264474005956
46.138807429130054,0,3,0.0033296042227526634,827.9200042482622
46.52981427174973,0,3,0.0033106443286444187,824.9043194937451
46.920821114369545,0,3,0.003292098568530133,821.6828100539365
47.31182795698925,0,3,0.00327410729989866,818.2079210723738
47.70283479960909,0,3,0.0032567604556438534,814.465609197945
48.09384164222874,0,3,0.003240106373169488,810.4565645316436
48.484848484848584,0,3,0.003224159665933507,806.1831715307947
48.87585532746823,0,3,0.0032089027804853842,801.6481294302345
49.266862170088075,0,3,0.003194280290569146,796.8650447069087
49.657869012707714,0,3,0.003180189749452167,791.8756085243198
50.04887585532751,0,3,0.0031664759599699666,786.7647015524993
50.43988269794721,0,3,0.003152935552623637,781.6650955346063
50.83088954056706,0,3,0.0031393358367386437,776.7468091813986
51.2218963831867,0,3,0.0031254472171125813,772.1911513709952
51.61290322580649,0,3,0.003111083770809181,768.1545048097274
52.003910068426194,0,3,0.003096235686343596,764.7325659098706
52.39491691104604,0,3,0.0030806218144587283,761.9240988895549
52.78592375366568,0,3,0.003064598453591,759.6291664397842
53.17693059628547,0,3,0.003048417490528005,757.6526183061358
53.56793743890517,0,3,0.0030324138801932077,755.7356464284919
53.958944281525014,0,3,0.00301695456658016,753.5999259853137
54.34995112414467,0,3,0.003002378108918763,750.9961663334531
54.740957966764455,0,3,0.0029889364393795026,747.7470682121352
55.13196480938416,0,3,0.002976750361517816,743.7768661066156
55.522971652004,0,3,0.0029657878702926965,739.1230128146357
55.91397849462365,0,3,0.0029558696441838173,733.9287527228325
56.30498533724346,0,3,0.0029467002738138015,728.4179755585321
56.69599217986313,0,3,0.002937918388696864,722.8563521915027
57.08699902248293,0,3,0.002929155174507425,717.5055304189888
57.47800586510265,0,3,0.0029200896989138303,712.5792870984313
57.86901270772245,0,3,0.002910491049854108,708.2107220357335
58.26001955034212,0,3,0.002900240837291762,704.4372390117747
58.65102639296197,0,3,0.0028893340623289965,701.2057227702114
59.04203323558164,0,3,0.002877860749449901,698.3952819755465
59.43304007820142,0,3,0.0028659743351491795,695.8506684363484
59.8240469208211,0,3,0.0028538550046786626,693.4172361185356
60.21505376344089,0,3,0.0028416764612316237,690.9686831433121
60.606060606060616,0,3,0.002829582791389895,688.4215985734384
60.99706744868041,0,3,0.0028176785195133947,685.735105888713
61.388074291300086,0,3,0.002806030626509831,682.8984548664653
61.77908113391993,0,3,0.00279467764173269,679.9130080697357
62.1700879765396,0,3,0.0027836391808148397,676.7765505401011
62.561094819159386,0,3,0.0027729201159810424,673.4765849567092
62.95210166177907,0,3,0.002762506601764414,669.9956039108622
63.343108504398856,0,3,0.0027523553002779255,666.3265690497295
63.73411534701858,0,3,0.002742380846127851,662.4926597816816
64.12512218963838,0,3,0.002732448482100275,658.5631708520506
64.51612903225805,0,3,0.002722378076240206,654.6579920722496
64.9071358748779,0,3,0.0027120222362489455,650.9358599811063
65.29814271749757,0,3,0.0027010570814835766,647.5705027560103
65.68914956011736,0,3,0.002689383208923757,644.7117410976775
66.08015640273703,0,3,0.0026769183675960373,642.4527945841737
66.47116324535682,0,3,0.00266368580897261,640.8029974746792
66.86217008797655,0,3,0.002649824972698167,639.6763825603897
67.25317693059634,0,3,0.0026355825642072617,638.8981588152927
67.64418377321601,0,3,0.0026212837525110833,638.2283318541647
68.03519061583586,0,3,0.0026072866165489927,637.3988573087067
68.42619745845553,0,3,0.002593926502872962,636.1583903619456
68.81720430107531,0,3,0.0025814601322340647,634.3168470397441
69.208211143695,0,3,0.0025700209778185823,631.7810049430445
69.59921798631478,0,3,0.0025595963314703762,628.5730029021587
69.9902248289345,0,3,0.0025500320349834404,624.826522876692
70.3812316715543,0,3,0.0025410640572813836,620.7605246941945
70.77223851417398,0,3,0.00253236929037573,616.6362603102812
71.16324535679382,0,3,0.002523633160820854,612.7007683363205
71.5542521994135,0,3,0.0025145612182759236,609.1703983431122
71.94525904203329,0,3,0.0025049852186202204,606.1566648315732
72.33626588465295,0,3,0.002494831152766608,603.6842237508944
72.72727272727275,0,3,0.002484130725947775,601.6912989607523
73.11827956989248,0,3,0.0024730011844833755,600.0536158394813
73.50928641251227,0,3,0.002461613727285622,598.6174693351314
73.90029325513194,0,3,0.0024501584280395283,597.2333112220631
74.29130009775179,0,3,0.0024388137191066472,595.781383460117
74.68230694037146,0,3,0.0024277264866187087,594.1835288592652
75.07331378299124,0,3,0.00241700492486549,592.4000621895459
75.46432062561092,0,3,0.0024067217485112813,590.4159332113437
75.85532746823071,0,3,0.0023969220044623707,588.2240882929084
76.24633431085043,0,3,0.0023876289879922463,585.8142555538352
76.63734115347023,0,3,0.0023788438569429804,583.1723141856248
77.0283479960899,0,3,0.0023705384159733445,580.2905075405536
77.41935483870981,0,3,0.002362623929324348,577.1867552954196
77.81036168132943,0,3,0.002355022412557861,573.909949149305
78.20136852394921,0,3,0.0023475546834607897,570.5628929547375
78.59237536656887,0,3,0.0023400244505819012,567.2861131999919
78.98338220918866,0,3,0.002332228370850009,564.240107433146
79.37438905180841,0,3,0.0023239899432149214,561.5750936252759
79.76539589442825,0,3,0.002315194031896367,559.3983431874292
80.15640273704791,0,3,0.0023058143090856353,557.7474048008959
80.54740957966776,0,3,0.002295927370814216,556.5756603739791
80.93841642228739,0,3,0.002285709794891372,555.7534760382388
81.32942326490718,0,3,0.0022754172407899176,555.0850257032893
81.72043010752691,0,3,0.002265347616566521,554.3382512788592
82.1114369501467,0,3,0.002255793397597322,553.2833006028105
82.50244379276636,0,3,0.0022469911306569335,551.7329877747815
82.89345063538622,0,3,0.002239078134014111,549.577589065763
83.28445747800589,0,3,0.0022320661850248336,546.806317038659
83.67546432062568,0,3,0.0022258387837212623,543.5098617156542
84.06647116324534,0,3,0.002220172883959287,539.8625725325564
84.45747800586514,0,3,0.002214779691686486,536.0881282303719
84.84848484848487,0,3,0.0022093546347474735,532.416932214581
85.23949169110466,0,3,0.0022036254085632534,529.0452211133432
85.63049853372434,0,3,0.0021973889501468447,526.104564209523
86.02150537634418,0,3,0.0021905319289608205,523.647049097144
86.41251221896385,0,3,0.002183033372437332,521.6474542054235
86.80351906158363,0,3,0.002174951497888933,520.0201012119043
87.19452590420332,0,3,0.0021663994522465035,518.645240208276
87.5855327468231,0,3,0.0021575163587832513,517.3979714084707
87.97653958944282,0,3,0.0021484405070140433,516.1723170943753
88.36754643206262,0,3,0.002139290276134409,514.89468380855
88.7585532746823,0,3,0.0021301554570630488,513.5246055415347
89.14956011730214,0,3,0.002121097872633898,512.0452580549173
89.54056695992182,0,3,0.002112157069524806,510.44986390900453
89.9315738025416,0,3,0.0021033051787923696,508.7299505219148
90.32258064516127,0,3,0.002094652259310631,506.8775852046974
90.71358748778107,0,3,0.0020861314321971858,504.8844287781492
91.1045943304008,0,3,0.002077700037554725,502.7598237258274
91.49560117302059,0,3,0.0020692796503027078,500.5427635475361
91.88660801564026,0,3,0.0020607553956192848,498.3093087233521
92.27761485826011,0,3,0.0020519852025069063,496.1693169365165
92.66862170087978,0,3,0.0020428194917369857,494.25118127355324
93.05962854349956,0,3,0.0020331282613829382,492.67742751091475
93.45063538611925,0,3,0.0020228299463535826,491.5372242272631
93.84164222873903,0,3,0.002011915602006392,490.86286392441525
94.23264907135875,0,3,0.002000462829265637,490.6160059152079
94.62365591397854,0,3,0.001988635758400137,490.6869106096114
95.01466275659823,0,3,0.001976669704442463,490.90718854133115
95.40566959921807,0,3,0.001964841568968506,491.07430381806483
95.79667644183775,0,3,0.0019534297315457194,490.98416826795227
96.18768328445753,0,3,0.001942561244091423,490.47395168118925
96.5786901270772,0,3,0.001932602071163969,489.4242099372052
96.96969696969698,0,3,0.0019234918124733935,487.82270827711494
97.36070381231673,0,3,0.0019151604479217266,485.7405990300117
97.75171065493652,0,3,0.001907439371795494,483.32559779971905
98.14271749755618,0,3,0.0019000956281761683,480.7727134569511
98.53372434017602,0,3,0.0018928761297636876,478.2863688842697
98.92473118279571,0,3,0.0018855518531846194,476.04285142765974
99.3157380254155,0,3,0.001877953236427754,474.1612855326568
99.70674486803517,0,3,0.0018699911309405515,472.6884845541975
100.09775171065496,0,3,0.0018616613153804584,471.5994145366944
100.48875855327468,0,3,0.0018530338704860205,470.81159391666296
100.87976539589447,0,3,0.0018442313397214471,470.2089961560372
101.27077223851416,0,3,0.00183540143551994,469.6691414810922
101.661779081134,0,3,0.0018266907781721575,469.086469581135
102.05278592375372,0,3,0.0018182253141799387,468.3863113120293
102.44379276637346,0,3,0.0018099395768109705,467.52704474618156
102.83479960899314,0,3,0.001802134475606898,466.49183077751167
103.22580645161291,0,3,0.0017947362645149567,465.2755697489145
103.6168132942327,0,3,0.0017877630936564415,463.87436723796736
104.0078201368525,0,3,0.001781214907483758,462.2816542967756
104.3988269794721,0,3,0.001775069973343646,460.4932954044941
104.78983382209195,0,3,0.0017692777588616815,458.5191754264667
105.18084066471164,0,3,0.0017637523948326184,456.3960516610695
105.57184750733148,0,3,0.0017583717148114686,454.19555723991783
105.9628543499511,0,3,0.001752985534381385,452.02254276300766
106.35386119257089,0,3,0.001747433895928019,450.0020674451479
106.74486803519062,0,3,0.001741572598233626,448.2572536554049
107.1358748778104,0,3,0.0017353007688217514,446.8833984340134
107.52688172043008,0,3,0.0017285843475753349,445.9249618258987
107.91788856304993,0,3,0.0017214701163494606,445.3611080388541
108.30889540566959,0,3,0.0017140867107671987,445.10317083692564
108.69990224828938,0,3,0.0017066312460796706,445.00484161750205
109.09090909090907,0,3,0.001699342511798485,444.8836647548021
109.48191593352884,0,3,0.0016924641592558354,444.55060298438417
109.87292277614858,0,3,0.0016862038081799369,443.84285322657416
110.26392961876837,0,3,0.0016806959361136409,442.6538665411111
110.65493646138803,0,3,0.001675976791315953,440.9541710701671
111.04594330400788,0,3,0.0016719775730756892,438.7977694977834
111.43695014662757,0,3,0.001668537864723374,436.3118557585739
111.82795698924735,0,3,0.0016654361014541708,433.67177759364665
112.21896383186707,0,3,0.001662429662494802,431.0671178945377
112.60997067448686,0,3,0.001659295477933559,428.6669147018099
113.00097751710655,0,3,0.0016558630507302052,426.5916782068208
113.39198435972632,0,3,0.0016520345894624477,424.8974888202975
113.78299120234601,0,3,0.0016477902734292615,423.57421874890605
114.17399804496586,0,3,0.0016431796793653919,422.5567765536728
114.56500488758559,0,3,0.0016383027876172018,421.7456806015357
114.95601173020536,0,3,0.001633285661148287,421.03142884809466
115.34701857282505,0,3,0.0016282997173155678,420.31368542493277
115.73802541544484,0,3,0.0016233685090537575,419.52634968893284
116.1290322580645,0,3,0.0016186249458925717,418.6241051808055
116.5200391006843,0,3,0.001614129152763627,417.58768796667005
116.91104594330396,0,3,0.0016099189796784097,416.4096744552724
117.30205278592382,0,3,0.0016060151683704726,415.0841195294576
117.69305962854354,0,3,0.0016024233393548137,413.60215171023765
118.08406647116334,0,3,0.0015991310599269282,411.955557555747
118.47507331378294,0,3,0.0015961012023830157,410.1467915565961
118.86608015640275,0,3,0.001593265215208084,408.2010306530974
119.25708699902248,0,3,0.0015905208651296465,406.1747415697173
119.64809384164226,0,3,0.0015877380720385748,404.1560629171622
120.03910068426194,0,3,0.0015847739638290004,402.2548865844357
120.43010752688173,0,3,0.0015814951780068753,400.5840116647078
120.82111436950152,0,3,0.001577802929177391,399.23583131682204
121.2121212121213,0,3,0.001573655290832171,398.26050356245554
121.60312805474098,0,3,0.0015689808140218475,397.65975759010246
121.99413489736077,0,3,0.0015640794952211934,397.3484019320064
122.38514173998043,0,3,0.001559022269661009,397.2115818350918
122.77614858260021,0,3,0.001554018492232273,397.08987788905586
123.1671554252199,0,3,0.0015492873022291687,396.8129956307636
123.55816226783975,0,3,0.001545021046025441,396.2290471982205
123.94916911045948,0,3,0.0015413510365271943,395.2321295414136
124.34017595307927,0,3,0.0015383230539390003,393.78252962562493
124.73118279569893,0,3,0.0015358884833145958,391.91477229336704
125.12218963831872,0,3,0.0015339134448201786,389.7311007420277
125.51319648093846,0,3,0.0015322037291349844,387.3814666742622
125.90420332355819,0,3,0.0015305394591932364,385.03461696272143
126.29521016617787,0,3,0.0015287115411867225,382.84706503238135
126.68621700879771,0,3,0.001526552504796247,380.9368490241682
127.07722385141743,0,3,0.0015239565932541888,379.36721504789665
127.46823069403722,0,3,0.0015208868682922427,378.1426136020741
127.85923753665685,0,3,0.0015173367242599378,377.2180704960591
128.2502443792767,0,3,0.0015133951721876537,376.51013234504876
128.64125122189643,0,3,0.001509181637721957,375.9264780231682
129.03225806451616,0,3,0.0015048025753932048,375.38031042955646
129.4232649071358,0,3,0.0015003539564841517,374.80545359230956
129.81427174975562,0,3,0.0014959115119362598,374.161154204396
130.2052785923754,0,3,0.0014915285180029936,373.4282491426173
130.5962854349952,0,3,0.0014872389018688592,372.6000793484753
130.98729227761493,0,3,0.0014830619203927697,371.67317012307944
131.37829912023466,0,3,0.0014790048168118741,370.6422227684853
131.7693059628543,0,3,0.0014750615296382774,369.50168221163676
132.1603128054741,0,3,0.001471207939201774,368.25312264557425
132.5513196480938,0,3,0.0014673962943760333,366.91512498045824
132.94232649071358,0,3,0.0014635525264385385,365.5310603356845
133.33333333333337,0,3,0.0014595797060461824,364.1706051520713
133.72434017595316,0,3,0.001455369074734647,362.92276349770884
134.1153470185729,0,3,0.0014508175728800143,361.881022709996
134.50635386119262,0,3,0.0014458485512983954,361.123979880833
134.8973607038123,0,3,0.0014404311616403598,360.6963192110508
135.28836754643208,0,3,0.0014345939943780917,360.5949334728581
135.67937438905176,0,3,0.0014284295764613042,360.7635924551549
136.07038123167166,0,3,0.0014220878947637516,361.09761749062494
136.46138807429134,0,3,0.0014157589020921124,361.45812034179113
136.85239491691112,0,3,0.0014096459427927477,361.6936986472171
137.24340175953077,0,3,0.0014039341258244853,361.6660371422027
137.6344086021506,0,3,0.0013987594722189023,361.27475470600183
138.02541544477026,0,3,0.0013941854306477597,360.4764037741785
138.41642228739,0,3,0.0013901923818408768,359.2931836968842
138.80742913000972,0,3,0.0013866829151788773,357.8088744473792
139.19843597262957,0,3,0.0013835017237814329,356.15245836093965
139.58944281524927,0,3,0.001380465322492308,354.4730390914391
139.98044965786906,0,3,0.0013773947399162434,352.9118692777751
140.37145650048876,0,3,0.001374162286245345,351.57628366764794
140.76246334310855,0,3,0.0013706407704647539,350.5295300605017
141.15347018572822,0,3,0.0013668164965025265,349.7763567895468
141.54447702834807,0,3,0.0013627171960371165,349.2751529367197
141.93548387096766,0,3,0.001358416297101761,348.95092628509184
142.3264907135875,0,3,0.0013540142964800217,348.714482573315
142.71749755620726,0,3,0.001349618870321534,348.48118147902085
143.10850439882705,0,3,0.0013453281826099062,348.18459406748354
143.49951124144673,0,3,0.0013412204805351158,347.78216179554175
143.89051808406646,0,3,0.001337350738311649,347.2527722549452
144.2815249266862,0,3,0.0013337526470732775,346.58902025795294
144.67253176930603,0,3,0.001330442663417003,345.78861067099245
145.06353861192574,0,3,0.0013274227729873078,344.84914716300136
145.45454545454558,0,3,0.0013246800277378068,343.7686212421898
145.84555229716523,0,3,0.001322183071474775,342.5512231343291
146.23655913978502,0,3,0.0013198778391659283,341.21576397187806
146.6275659824047,0,3,0.0013176748274782435,339.8026488583006
147.0185728250244,0,3,0.0013154923936006535,338.3765557196062
147.40957966764412,0,3,0.0013132107969081042,337.0199040077299
147.80058651026397,0,3,0.0013107232488355214,335.82109384338617
148.19159335288373,0,3,0.001307946556711903,334.85690450588476
148.58260019550357,0,3,0.0013048389175465136,334.17485509268664
148.9736070381232,0,3,0.0013014124271551186,333.77990083394167
149.36461388074298,0,3,0.0012977371431455997,333.6288942376951
149.75562072336263,0,3,0.0012939351268026755,333.634248389148
150.14662756598239,0,3,0.0012901646693601054,333.67624409556015
150.53763440860212,0,3,0.001286596681006058,333.6218804903459
150.92864125122196,0,3,0.0012833868774043133,333.34713936499037
151.3196480938417,0,3,0.0012806487176857395,332.75888827033054
151.71065493646154,0,3,0.001278432599634144,331.8123445826107
152.10166177908116,0,3,0.0012767161030902696,330.5202791524833
152.49266862170091,0,3,0.001275407879453072,328.95133988419684
152.88367546432062,0,3,0.0012742946298183733,327.2172352882758
153.27468230694035,0,3,0.0012732730184357999,325.4510942882863
153.66568914956008,0,3,0.001272168110186933,323.78246155050647
154.05669599217993,0,3,0.001270841231439085,322.3144276780491
154.44770283479966,0,3,0.0012692008126377052,321.10798004220624
154.8387096774195,0,3,0.0012672102695494014,320.1763161680882
155.2297165200391,0,3,0.0012648855107565138,319.48925032957993
155.62072336265888,0,3,0.001262283991586538,318.9855762417257
156.01173020527858,0,3,0.0012594886291806828,318.58967935939205
156.4027370478983,0,3,0.0012565905732600802,318.2280099645535
156.79374389051804,0,3,0.0012536746348074113,317.84137644858765
157.1847507331379,0,3,0.0012508100132915811,317.3904682702041
157.5757575757576,0,3,0.0012480470301456381,316.8543421682417
157.96676441837738,0,3,0.0012454184876731222,316.22408852107316
158.35777126099708,0,3,0.001242942866295893,315.4955068056478
158.74877810361687,0,3,0.0012406264582014437,314.6645881764878
159.13978494623655,0,3,0.0012384614840998398,313.7280319987284
159.5307917888564,0,3,0.001236427425259451,312.68815809656644
159.92179863147598,0,3,0.0012344810273818008,311.56060855961044
160.31280547409582,0,3,0.001232557825239039,310.3804846403547
160.70381231671558,0,3,0.001230574519258093,309.20409471961204
161.09481915933537,0,3,0.0012284378946399999,308.10412973599415
161.48582600195505,0,3,0.001226059035752819,307.1583321321029
161.87683284457484,0,3,0.0012233703015805952,306.4339592283783
162.2678396871945,0,3,0.001220341393564528,305.9719261696159
162.65884652981435,0,3,0.001216990753814734,305.77480177219275
163.049853372434,0,3,0.0012133893756716974,305.8017971541899
163.44086021505382,0,3,0.00120965552382446,305.972088480056
163.8318670576735,0,3,0.0012059404908642546,306.17596686072903
164.22287390029334,0,3,0.0012024071545849724,306.29187476576044
164.613880742913,0,3,0.0011992046211836693,306.20647022278683
165.0048875855328,0,3,0.0011964241022871247,305.8321493897112
165.39589442815245,0,3,0.0011941567254088736,305.1321158414212
165.78690127077226,0,3,0.0011923690342933169,304.11400263574234
166.177908113392,0,3,0.001190982949980185,302.8390075857276
166.56891495601178,0,3,0.0011898717150689297,301.4076915589198
166.95992179863157,0,3,0.0011888836138452263,299.94057916089724
167.3509286412513,0,3,0.001187868835795275,298.5552461228261
167.74193548387095,0,3,0.0011867037508720701,297.34526026982934
168.13294232649073,0,3,0.001185308080972891,296.3655939399865
168.52394916911038,0,3,0.001183652539909541,295.62714489896155
168.91495601173023,0,3,0.0011817567404973084,295.10060302478564
169.30596285434996,0,3,0.0011796790634878984,294.72776699884975
169.69696969696975,0,3,0.0011775015434015157,294.43692495339354
170.08797653958953,0,3,0.001175313525195204,294.1582410907532
170.47898338220924,0,3,0.0011731977233530588,293.8353630206221
170.86999022482894,0,3,0.0011712212643714415,293.430753209034
171.26099706744873,0,3,0.0011694324802284384,292.9243744274256
171.65200391006834,0,3,0.0011678622112674675,292.30769835819547
172.0430107526882,0,3,0.0011665269735973427,291.5766020589021
172.43401759530792,0,3,0.0011654311602759815,290.7268019631971
172.8250244379277,0,3,0.001164566526874744,289.75401254377823
173.21603128054747,0,3,0.0011639090232247185,288.6587417841226
173.6070381231672,0,3,0.0011634147615987578,287.45355858174423
173.9980449657869,0,3,0.0011630178564254467,286.1695190704147
174.3890518084067,0,3,0.001162632683569087,284.85848783731257
174.7800586510263,0,3,0.0011621618595576144,283.5892666486376
175.17106549364615,0,3,0.0011615093813308885,282.4374255507318
175.56207233626586,0,3,0.0011605965737392643,281.47089854888105
175.95307917888564,0,3,0.0011593774013641256,280.7349448906348
176.34408602150546,0,3,0.0011578496166575747,280.24038864862933
176.7350928641252,0,3,0.0011560512019019031,279.9586378752801
177.12609970674487,0,3,0.0011540873939293594,279.8219001416152
177.51710654936466,0,3,0.0011520711262829053,279.7354702660131
177.90811339198424,0,3,0.0011501362792946945,279.5911900397524
178.29912023460423,0,3,0.0011484066239084156,279.28625516207626
178.69012707722385,0,3,0.0011469733216479816,278.7416097264412
179.0811339198437,0,3,0.0011458772616423918,277.91689987056253
179.47214076246343,0,3,0.0011451002416163758,276.8187336150297
179.86314760508316,0,3,0.001144567241460337,275.49998716461664
180.25415444770283,0,3,0.0011441593960501706,274.049815174815
180.6451612903226,0,3,0.0011437346016430205,272.5764406517001
181.03616813294224,0,3,0.0011431509657109373,271.1867991409375
181.42717497556217,0,3,0.0011422880808332203,269.96783496258695
181.8181818181818,0,3,0.001141062220913841,268.9734787175405
182.20918866080166,0,3,0.0011394333987413963,268.2195514879928
182.60019550342133,0,3,0.0011373657049089658,267.6923324342971
182.99120234604112,0,3,0.001134968396470426,267.3366228333741
183.38220918866077,0,3,0.0011322668648711398,267.09981644772495
183.77321603128058,0,3,0.0011293287066041213,266.92509036572824
184.16422287390031,0,3,0.0011262187660232015,266.7661774951717
184.5552297165201,0,3,0.001122991707885962,266.59194555134127
184.94623655913978,0,3,0.0011196892826589866,266.38532124965576
185.33724340175962,0,3,0.0011163412384360138,266.13831301361256
185.72825024437927,0,3,0.0011129676920686726,265.8462238258312
186.11925708699906,0,3,0.0011095806497450345,265.50413817711956
186.51026392961876,0,3,0.0011061832862610532,265.10743748081666
186.90127077223855,0,3,0.0011027671001637707,264.65611872360375
187.29227761485822,0,3,0.001099308490370099,264.1609291541437
187.68328445747807,0,3,0.0010957670700619954,263.64840204803033
188.07429130009785,0,3,0.00109208784828492,263.16202125850964
188.46529814271756,0,3,0.0010881502597241272,262.75974624014646
188.85630498533726,0,3,0.0010840115069509632,262.49713277736964
189.247311827957,0,3,0.0010795724846439925,262.4252331364377
189.63831867057672,0,3,0.0010748225903940561,262.57088868300406
190.0293255131965,0,3,0.00106979081616905,262.92919194899963
190.42033235581616,0,3,0.0010645486098421475,263.46005474055573
190.81133919843603,0,3,0.0010592052778750638,264.09153960631846
191.20234604105573,0,3,0.001053895979263822,264.7295038655561
191.59335288367552,0,3,0.001048763713966408,265.27202233707754
191.98435972629522,0,3,0.0010439380395494136,265.6262645298069
192.37536656891496,0,3,0.0010395143546157448,265.72492949352136
192.7663734115347,0,3,0.0010355380787276242,265.5390374487605
193.15738025415448,0,3,0.001031997506103735,265.0840895569139
193.54838709677412,0,3,0.0010288273489185429,264.41765217630996
193.93939393939397,0,3,0.001025922386275191,263.62835042368033
194.33040078201373,0,3,0.0010231590911635724,262.81913566750484
194.7214076246335,0,3,0.0010204140065083467,262.0855083450731
195.1124144672532,0,3,0.0010175907707932613,261.5016710542709
195.50342130987303,0,3,0.001014629472311998,261.10713336040646
195.89442815249262,0,3,0.001011513382389917,260.9039313523514
196.2854349951124,0,3,0.0010082663299958022,260.8610800988134
196.6764418377321,0,3,0.0010049433607131064,260.9250215355004
197.06744868035196,0,3,0.0010016173787048832,261.03310273610305
197.4584555229717,0,3,9.983650654633025E-4,261.1265832143178
197.84946236559142,0,3,9.952552203620624E-4,261.1599575650151
198.24046920821115,0,3,9.92341661422022E-4,261.1046049496939
198.631476050831,0,3,9.89661145466031E-4,260.9467462775351
199.02248289345061,0,3,9.872349875715558E-4,260.6817524069732
199.4134897360704,0,3,9.850719278726577E-4,260.30809936512657
199.80449657869008,0,3,9.83169815724022E-4,259.82408654963047
199.99999999999997,0,3,9.823128190436653E-4,259.540293419051
